ID;water;water2;water4;water5;sea1;sea2;sea3;sea4;sea5;sand;sand2;sand4;grass;rock;rock2;rock3;rock4;rock5;rock6;ground;ground2;dground;snow;snow1;snow2;water3;
1;FAUX;FAUX;FAUX;FAUX;FAUX;FAUX;FAUX;FAUX;FAUX;VRAI;FAUX;VRAI;VRAI;VRAI;VRAI;VRAI;VRAI;VRAI;VRAI;VRAI;VRAI;VRAI;VRAI;VRAI;VRAI;FAUX;FAUX
2;FAUX;FAUX;FAUX;FAUX;FAUX;FAUX;FAUX;FAUX;FAUX;VRAI;FAUX;VRAI;VRAI;VRAI;VRAI;VRAI;VRAI;VRAI;VRAI;VRAI;VRAI;VRAI;VRAI;VRAI;VRAI;FAUX;FAUX
3;FAUX;FAUX;FAUX;FAUX;FAUX;FAUX;FAUX;FAUX;FAUX;VRAI;FAUX;VRAI;VRAI;VRAI;VRAI;VRAI;VRAI;VRAI;VRAI;VRAI;VRAI;VRAI;VRAI;VRAI;VRAI;FAUX;FAUX
4;FAUX;FAUX;FAUX;FAUX;FAUX;FAUX;FAUX;FAUX;FAUX;VRAI;FAUX;VRAI;VRAI;VRAI;VRAI;VRAI;VRAI;VRAI;VRAI;VRAI;VRAI;VRAI;VRAI;VRAI;VRAI;FAUX;FAUX
5;FAUX;FAUX;FAUX;FAUX;FAUX;FAUX;FAUX;FAUX;FAUX;VRAI;FAUX;VRAI;VRAI;VRAI;VRAI;VRAI;VRAI;VRAI;VRAI;VRAI;VRAI;VRAI;VRAI;VRAI;VRAI;FAUX;FAUX
6;FAUX;FAUX;FAUX;FAUX;FAUX;FAUX;FAUX;FAUX;FAUX;VRAI;FAUX;VRAI;VRAI;VRAI;VRAI;VRAI;VRAI;VRAI;VRAI;VRAI;VRAI;VRAI;VRAI;VRAI;VRAI;FAUX;FAUX
7;FAUX;FAUX;FAUX;FAUX;FAUX;FAUX;FAUX;FAUX;FAUX;VRAI;FAUX;VRAI;VRAI;VRAI;VRAI;VRAI;VRAI;VRAI;VRAI;VRAI;VRAI;VRAI;VRAI;VRAI;VRAI;FAUX;FAUX
8;FAUX;FAUX;FAUX;FAUX;FAUX;FAUX;FAUX;FAUX;FAUX;VRAI;FAUX;VRAI;VRAI;VRAI;VRAI;VRAI;VRAI;VRAI;VRAI;VRAI;VRAI;VRAI;VRAI;VRAI;VRAI;FAUX;FAUX
9;FAUX;FAUX;FAUX;FAUX;FAUX;FAUX;FAUX;FAUX;FAUX;VRAI;FAUX;VRAI;VRAI;VRAI;VRAI;VRAI;VRAI;VRAI;VRAI;VRAI;VRAI;VRAI;VRAI;VRAI;VRAI;FAUX;FAUX
10;FAUX;FAUX;FAUX;FAUX;FAUX;FAUX;FAUX;FAUX;FAUX;VRAI;FAUX;VRAI;VRAI;VRAI;VRAI;VRAI;VRAI;VRAI;VRAI;VRAI;VRAI;VRAI;VRAI;VRAI;VRAI;FAUX;FAUX
11;FAUX;FAUX;FAUX;FAUX;FAUX;FAUX;FAUX;FAUX;FAUX;VRAI;FAUX;VRAI;VRAI;VRAI;VRAI;VRAI;VRAI;VRAI;VRAI;VRAI;VRAI;VRAI;VRAI;VRAI;VRAI;FAUX;FAUX
12;FAUX;FAUX;FAUX;FAUX;FAUX;FAUX;FAUX;FAUX;FAUX;VRAI;FAUX;VRAI;VRAI;VRAI;VRAI;VRAI;VRAI;VRAI;VRAI;VRAI;VRAI;VRAI;VRAI;VRAI;VRAI;FAUX;FAUX
13;FAUX;FAUX;FAUX;FAUX;FAUX;FAUX;FAUX;FAUX;FAUX;VRAI;FAUX;VRAI;VRAI;VRAI;VRAI;VRAI;VRAI;VRAI;VRAI;VRAI;VRAI;VRAI;VRAI;VRAI;VRAI;FAUX;FAUX
14;FAUX;FAUX;FAUX;FAUX;FAUX;FAUX;FAUX;FAUX;FAUX;VRAI;FAUX;VRAI;VRAI;VRAI;VRAI;VRAI;VRAI;VRAI;VRAI;VRAI;VRAI;VRAI;VRAI;VRAI;VRAI;FAUX;FAUX
15;FAUX;FAUX;FAUX;FAUX;FAUX;FAUX;FAUX;FAUX;FAUX;VRAI;FAUX;VRAI;VRAI;VRAI;VRAI;VRAI;VRAI;VRAI;VRAI;VRAI;VRAI;VRAI;VRAI;VRAI;VRAI;FAUX;FAUX
16;FAUX;FAUX;FAUX;FAUX;FAUX;FAUX;FAUX;FAUX;FAUX;VRAI;FAUX;VRAI;VRAI;VRAI;VRAI;VRAI;VRAI;VRAI;VRAI;VRAI;VRAI;VRAI;VRAI;VRAI;VRAI;FAUX;FAUX
17;FAUX;FAUX;FAUX;FAUX;FAUX;FAUX;FAUX;FAUX;FAUX;VRAI;FAUX;VRAI;VRAI;VRAI;VRAI;VRAI;VRAI;VRAI;VRAI;VRAI;VRAI;VRAI;VRAI;VRAI;VRAI;FAUX;FAUX
18;FAUX;FAUX;FAUX;FAUX;FAUX;FAUX;FAUX;FAUX;FAUX;VRAI;FAUX;VRAI;VRAI;VRAI;VRAI;VRAI;VRAI;VRAI;VRAI;VRAI;VRAI;VRAI;VRAI;VRAI;VRAI;FAUX;FAUX
19;FAUX;FAUX;FAUX;FAUX;FAUX;FAUX;FAUX;FAUX;FAUX;VRAI;FAUX;VRAI;VRAI;VRAI;VRAI;VRAI;VRAI;VRAI;VRAI;VRAI;VRAI;VRAI;VRAI;VRAI;VRAI;FAUX;FAUX
20;FAUX;FAUX;FAUX;FAUX;FAUX;FAUX;FAUX;FAUX;FAUX;VRAI;FAUX;VRAI;VRAI;VRAI;VRAI;VRAI;VRAI;VRAI;VRAI;VRAI;VRAI;VRAI;VRAI;VRAI;VRAI;FAUX;FAUX
21;FAUX;FAUX;FAUX;FAUX;FAUX;FAUX;FAUX;FAUX;FAUX;VRAI;FAUX;VRAI;VRAI;VRAI;VRAI;VRAI;VRAI;VRAI;VRAI;VRAI;VRAI;VRAI;VRAI;VRAI;VRAI;FAUX;FAUX
22;FAUX;FAUX;FAUX;FAUX;FAUX;FAUX;FAUX;FAUX;FAUX;VRAI;FAUX;VRAI;VRAI;VRAI;VRAI;VRAI;VRAI;VRAI;VRAI;VRAI;VRAI;VRAI;VRAI;VRAI;VRAI;FAUX;FAUX
23;FAUX;FAUX;FAUX;FAUX;FAUX;FAUX;FAUX;FAUX;FAUX;VRAI;FAUX;VRAI;VRAI;VRAI;VRAI;VRAI;VRAI;VRAI;VRAI;VRAI;VRAI;VRAI;VRAI;VRAI;VRAI;FAUX;FAUX
24;FAUX;FAUX;FAUX;FAUX;FAUX;FAUX;FAUX;FAUX;FAUX;VRAI;FAUX;VRAI;VRAI;VRAI;VRAI;VRAI;VRAI;VRAI;VRAI;VRAI;VRAI;VRAI;VRAI;VRAI;VRAI;FAUX;FAUX
25;FAUX;FAUX;FAUX;FAUX;FAUX;FAUX;FAUX;FAUX;FAUX;VRAI;FAUX;VRAI;VRAI;VRAI;VRAI;VRAI;VRAI;VRAI;VRAI;VRAI;VRAI;VRAI;VRAI;VRAI;VRAI;FAUX;FAUX
26;FAUX;FAUX;FAUX;FAUX;FAUX;FAUX;FAUX;FAUX;FAUX;VRAI;FAUX;VRAI;VRAI;VRAI;VRAI;VRAI;VRAI;VRAI;VRAI;VRAI;VRAI;VRAI;VRAI;VRAI;VRAI;FAUX;FAUX
27;FAUX;FAUX;FAUX;FAUX;FAUX;FAUX;FAUX;FAUX;FAUX;VRAI;FAUX;VRAI;VRAI;VRAI;VRAI;VRAI;VRAI;VRAI;VRAI;VRAI;VRAI;VRAI;VRAI;VRAI;VRAI;FAUX;FAUX
28;FAUX;FAUX;FAUX;FAUX;FAUX;FAUX;FAUX;FAUX;FAUX;VRAI;FAUX;VRAI;VRAI;VRAI;VRAI;VRAI;VRAI;VRAI;VRAI;VRAI;VRAI;VRAI;VRAI;VRAI;VRAI;FAUX;FAUX
29;FAUX;FAUX;FAUX;FAUX;FAUX;FAUX;FAUX;FAUX;FAUX;VRAI;FAUX;VRAI;VRAI;VRAI;VRAI;VRAI;VRAI;VRAI;VRAI;VRAI;VRAI;VRAI;VRAI;VRAI;VRAI;FAUX;FAUX
30;FAUX;FAUX;FAUX;FAUX;FAUX;FAUX;FAUX;FAUX;FAUX;VRAI;FAUX;VRAI;VRAI;VRAI;VRAI;VRAI;VRAI;VRAI;VRAI;VRAI;VRAI;VRAI;VRAI;VRAI;VRAI;FAUX;FAUX
31;FAUX;FAUX;FAUX;FAUX;FAUX;FAUX;FAUX;FAUX;FAUX;VRAI;FAUX;VRAI;VRAI;VRAI;VRAI;VRAI;VRAI;VRAI;VRAI;VRAI;VRAI;VRAI;VRAI;VRAI;VRAI;FAUX;FAUX
32;FAUX;FAUX;FAUX;FAUX;FAUX;FAUX;FAUX;FAUX;FAUX;VRAI;FAUX;VRAI;VRAI;VRAI;VRAI;VRAI;VRAI;VRAI;VRAI;VRAI;VRAI;VRAI;VRAI;VRAI;VRAI;FAUX;FAUX
33;FAUX;FAUX;FAUX;FAUX;FAUX;FAUX;FAUX;FAUX;FAUX;VRAI;FAUX;VRAI;VRAI;VRAI;VRAI;VRAI;VRAI;VRAI;VRAI;VRAI;VRAI;VRAI;VRAI;VRAI;VRAI;FAUX;FAUX
34;FAUX;FAUX;FAUX;FAUX;FAUX;FAUX;FAUX;FAUX;FAUX;VRAI;FAUX;VRAI;VRAI;VRAI;VRAI;VRAI;VRAI;VRAI;VRAI;VRAI;VRAI;VRAI;VRAI;VRAI;VRAI;FAUX;FAUX
35;FAUX;FAUX;FAUX;FAUX;FAUX;FAUX;FAUX;FAUX;FAUX;VRAI;FAUX;VRAI;VRAI;VRAI;VRAI;VRAI;VRAI;VRAI;VRAI;VRAI;VRAI;VRAI;VRAI;VRAI;VRAI;FAUX;FAUX
36;FAUX;FAUX;FAUX;FAUX;FAUX;FAUX;FAUX;FAUX;FAUX;VRAI;FAUX;VRAI;VRAI;VRAI;VRAI;VRAI;VRAI;VRAI;VRAI;VRAI;VRAI;VRAI;VRAI;VRAI;VRAI;FAUX;FAUX
37;FAUX;FAUX;FAUX;FAUX;FAUX;FAUX;FAUX;FAUX;FAUX;VRAI;FAUX;VRAI;VRAI;VRAI;VRAI;VRAI;VRAI;VRAI;VRAI;VRAI;VRAI;VRAI;VRAI;VRAI;VRAI;FAUX;FAUX
38;FAUX;FAUX;FAUX;FAUX;FAUX;FAUX;FAUX;FAUX;FAUX;VRAI;FAUX;VRAI;VRAI;VRAI;VRAI;VRAI;VRAI;VRAI;VRAI;VRAI;VRAI;VRAI;VRAI;VRAI;VRAI;FAUX;FAUX
39;FAUX;FAUX;FAUX;FAUX;FAUX;FAUX;FAUX;FAUX;FAUX;VRAI;FAUX;VRAI;VRAI;VRAI;VRAI;VRAI;VRAI;VRAI;VRAI;VRAI;VRAI;VRAI;VRAI;VRAI;VRAI;FAUX;FAUX
40;FAUX;FAUX;FAUX;FAUX;FAUX;FAUX;FAUX;FAUX;FAUX;VRAI;FAUX;VRAI;VRAI;VRAI;VRAI;VRAI;VRAI;VRAI;VRAI;VRAI;VRAI;VRAI;VRAI;VRAI;VRAI;FAUX;FAUX
41;FAUX;FAUX;FAUX;FAUX;FAUX;FAUX;FAUX;FAUX;FAUX;VRAI;FAUX;VRAI;VRAI;VRAI;VRAI;VRAI;VRAI;VRAI;VRAI;VRAI;VRAI;VRAI;VRAI;VRAI;VRAI;FAUX;FAUX
42;FAUX;FAUX;FAUX;FAUX;FAUX;FAUX;FAUX;FAUX;FAUX;VRAI;FAUX;VRAI;VRAI;VRAI;VRAI;VRAI;VRAI;VRAI;VRAI;VRAI;VRAI;VRAI;VRAI;VRAI;VRAI;FAUX;FAUX
43;FAUX;FAUX;FAUX;FAUX;FAUX;FAUX;FAUX;FAUX;FAUX;VRAI;FAUX;VRAI;VRAI;VRAI;VRAI;VRAI;VRAI;VRAI;VRAI;VRAI;VRAI;VRAI;VRAI;VRAI;VRAI;FAUX;FAUX
44;FAUX;FAUX;FAUX;FAUX;FAUX;FAUX;FAUX;FAUX;FAUX;VRAI;FAUX;VRAI;VRAI;VRAI;VRAI;VRAI;VRAI;VRAI;VRAI;VRAI;VRAI;VRAI;VRAI;VRAI;VRAI;FAUX;FAUX
45;FAUX;FAUX;FAUX;FAUX;FAUX;FAUX;FAUX;FAUX;FAUX;FAUX;FAUX;FAUX;FAUX;FAUX;FAUX;FAUX;FAUX;FAUX;FAUX;FAUX;FAUX;FAUX;VRAI;VRAI;VRAI;FAUX;FAUX
46;FAUX;FAUX;FAUX;FAUX;FAUX;FAUX;FAUX;FAUX;FAUX;FAUX;FAUX;FAUX;FAUX;FAUX;FAUX;FAUX;FAUX;FAUX;FAUX;FAUX;FAUX;FAUX;VRAI;VRAI;VRAI;FAUX;FAUX
47;FAUX;FAUX;FAUX;FAUX;FAUX;FAUX;FAUX;FAUX;FAUX;FAUX;FAUX;FAUX;FAUX;FAUX;FAUX;FAUX;FAUX;FAUX;FAUX;FAUX;FAUX;FAUX;VRAI;VRAI;VRAI;FAUX;FAUX
48;FAUX;FAUX;FAUX;FAUX;FAUX;FAUX;FAUX;FAUX;FAUX;FAUX;FAUX;FAUX;FAUX;FAUX;FAUX;FAUX;FAUX;FAUX;FAUX;FAUX;FAUX;FAUX;VRAI;VRAI;VRAI;FAUX;FAUX
49;FAUX;FAUX;FAUX;FAUX;FAUX;FAUX;FAUX;FAUX;FAUX;FAUX;FAUX;FAUX;FAUX;FAUX;FAUX;FAUX;FAUX;FAUX;FAUX;FAUX;FAUX;FAUX;VRAI;VRAI;VRAI;FAUX;FAUX
50;FAUX;FAUX;FAUX;FAUX;FAUX;FAUX;FAUX;FAUX;FAUX;FAUX;FAUX;FAUX;FAUX;FAUX;FAUX;FAUX;FAUX;FAUX;FAUX;FAUX;FAUX;FAUX;VRAI;VRAI;VRAI;FAUX;FAUX
51;FAUX;FAUX;FAUX;FAUX;FAUX;FAUX;FAUX;FAUX;FAUX;FAUX;FAUX;FAUX;FAUX;FAUX;FAUX;FAUX;FAUX;FAUX;FAUX;FAUX;FAUX;FAUX;VRAI;VRAI;VRAI;FAUX;FAUX
52;FAUX;FAUX;FAUX;FAUX;FAUX;FAUX;FAUX;FAUX;FAUX;FAUX;FAUX;FAUX;FAUX;FAUX;FAUX;FAUX;FAUX;FAUX;FAUX;FAUX;FAUX;FAUX;VRAI;VRAI;VRAI;FAUX;FAUX
53;FAUX;FAUX;FAUX;FAUX;FAUX;FAUX;FAUX;FAUX;FAUX;FAUX;FAUX;FAUX;FAUX;FAUX;FAUX;FAUX;FAUX;FAUX;FAUX;FAUX;FAUX;FAUX;VRAI;VRAI;VRAI;FAUX;FAUX
54;FAUX;FAUX;FAUX;FAUX;FAUX;FAUX;FAUX;FAUX;FAUX;FAUX;FAUX;FAUX;FAUX;FAUX;FAUX;FAUX;FAUX;FAUX;FAUX;FAUX;FAUX;FAUX;VRAI;VRAI;VRAI;FAUX;FAUX
55;FAUX;FAUX;FAUX;FAUX;FAUX;FAUX;FAUX;FAUX;FAUX;FAUX;FAUX;FAUX;FAUX;FAUX;FAUX;FAUX;FAUX;FAUX;FAUX;FAUX;FAUX;FAUX;VRAI;VRAI;VRAI;FAUX;FAUX
56;FAUX;FAUX;FAUX;FAUX;FAUX;FAUX;FAUX;FAUX;FAUX;FAUX;FAUX;FAUX;FAUX;FAUX;FAUX;FAUX;FAUX;FAUX;FAUX;FAUX;FAUX;FAUX;VRAI;VRAI;VRAI;FAUX;FAUX
57;FAUX;FAUX;FAUX;FAUX;FAUX;FAUX;FAUX;FAUX;FAUX;FAUX;FAUX;FAUX;FAUX;FAUX;FAUX;FAUX;FAUX;FAUX;FAUX;FAUX;FAUX;FAUX;VRAI;VRAI;VRAI;FAUX;FAUX
58;FAUX;FAUX;FAUX;FAUX;FAUX;FAUX;FAUX;FAUX;FAUX;FAUX;FAUX;FAUX;FAUX;FAUX;FAUX;FAUX;FAUX;FAUX;FAUX;FAUX;FAUX;FAUX;VRAI;VRAI;VRAI;FAUX;FAUX
59;FAUX;FAUX;FAUX;FAUX;FAUX;FAUX;FAUX;FAUX;FAUX;FAUX;FAUX;FAUX;FAUX;FAUX;FAUX;FAUX;FAUX;FAUX;FAUX;FAUX;FAUX;FAUX;VRAI;VRAI;VRAI;FAUX;FAUX
60;FAUX;FAUX;FAUX;FAUX;FAUX;FAUX;FAUX;FAUX;FAUX;FAUX;FAUX;FAUX;FAUX;FAUX;FAUX;FAUX;FAUX;FAUX;FAUX;FAUX;FAUX;FAUX;VRAI;VRAI;VRAI;FAUX;FAUX
61;FAUX;FAUX;FAUX;FAUX;FAUX;FAUX;FAUX;FAUX;FAUX;FAUX;FAUX;FAUX;FAUX;FAUX;FAUX;FAUX;FAUX;FAUX;FAUX;FAUX;FAUX;FAUX;VRAI;VRAI;VRAI;FAUX;FAUX
62;FAUX;FAUX;FAUX;FAUX;FAUX;FAUX;FAUX;FAUX;FAUX;FAUX;FAUX;FAUX;FAUX;FAUX;FAUX;FAUX;FAUX;FAUX;FAUX;FAUX;FAUX;FAUX;VRAI;VRAI;VRAI;FAUX;FAUX
63;FAUX;FAUX;FAUX;FAUX;FAUX;FAUX;FAUX;FAUX;FAUX;FAUX;FAUX;FAUX;FAUX;FAUX;FAUX;FAUX;FAUX;FAUX;FAUX;FAUX;FAUX;FAUX;VRAI;VRAI;VRAI;FAUX;FAUX
64;FAUX;FAUX;FAUX;FAUX;FAUX;FAUX;FAUX;FAUX;FAUX;VRAI;FAUX;VRAI;VRAI;VRAI;VRAI;VRAI;VRAI;VRAI;VRAI;VRAI;VRAI;VRAI;VRAI;VRAI;VRAI;FAUX;FAUX
65;FAUX;FAUX;FAUX;FAUX;FAUX;FAUX;FAUX;FAUX;FAUX;VRAI;FAUX;VRAI;VRAI;VRAI;VRAI;VRAI;VRAI;VRAI;VRAI;VRAI;VRAI;VRAI;VRAI;VRAI;VRAI;FAUX;FAUX
66;FAUX;FAUX;FAUX;FAUX;FAUX;FAUX;FAUX;FAUX;FAUX;VRAI;FAUX;VRAI;VRAI;VRAI;VRAI;VRAI;VRAI;VRAI;VRAI;VRAI;VRAI;VRAI;VRAI;VRAI;VRAI;FAUX;FAUX
67;FAUX;FAUX;FAUX;FAUX;FAUX;FAUX;FAUX;FAUX;FAUX;VRAI;FAUX;VRAI;VRAI;VRAI;VRAI;VRAI;VRAI;VRAI;VRAI;VRAI;VRAI;VRAI;VRAI;VRAI;VRAI;FAUX;FAUX
68;FAUX;FAUX;FAUX;FAUX;FAUX;FAUX;FAUX;FAUX;FAUX;VRAI;FAUX;VRAI;VRAI;VRAI;VRAI;VRAI;VRAI;VRAI;VRAI;VRAI;VRAI;VRAI;VRAI;VRAI;VRAI;FAUX;FAUX
69;FAUX;FAUX;FAUX;FAUX;FAUX;FAUX;FAUX;FAUX;FAUX;VRAI;FAUX;VRAI;VRAI;VRAI;VRAI;VRAI;VRAI;VRAI;VRAI;VRAI;VRAI;VRAI;VRAI;VRAI;VRAI;FAUX;FAUX
70;FAUX;FAUX;FAUX;FAUX;FAUX;FAUX;FAUX;FAUX;FAUX;FAUX;VRAI;FAUX;FAUX;FAUX;FAUX;FAUX;FAUX;FAUX;FAUX;FAUX;FAUX;FAUX;FAUX;FAUX;FAUX;FAUX;FAUX
71;FAUX;FAUX;FAUX;FAUX;FAUX;FAUX;FAUX;FAUX;FAUX;FAUX;VRAI;FAUX;FAUX;FAUX;FAUX;FAUX;FAUX;FAUX;FAUX;FAUX;FAUX;FAUX;FAUX;FAUX;FAUX;FAUX;FAUX
72;FAUX;FAUX;FAUX;FAUX;FAUX;FAUX;FAUX;FAUX;FAUX;FAUX;VRAI;FAUX;FAUX;FAUX;FAUX;FAUX;FAUX;FAUX;FAUX;FAUX;FAUX;FAUX;FAUX;FAUX;FAUX;FAUX;FAUX
73;FAUX;FAUX;FAUX;FAUX;FAUX;FAUX;FAUX;FAUX;FAUX;VRAI;FAUX;VRAI;FAUX;FAUX;FAUX;FAUX;FAUX;FAUX;FAUX;FAUX;FAUX;FAUX;FAUX;FAUX;FAUX;FAUX;FAUX
74;FAUX;FAUX;FAUX;FAUX;FAUX;FAUX;FAUX;FAUX;FAUX;VRAI;FAUX;VRAI;VRAI;VRAI;VRAI;VRAI;VRAI;VRAI;VRAI;VRAI;VRAI;VRAI;VRAI;VRAI;VRAI;FAUX;FAUX
75;FAUX;FAUX;FAUX;FAUX;FAUX;FAUX;FAUX;FAUX;FAUX;VRAI;FAUX;VRAI;FAUX;FAUX;FAUX;FAUX;FAUX;FAUX;FAUX;FAUX;FAUX;FAUX;FAUX;FAUX;FAUX;FAUX;FAUX
76;FAUX;FAUX;FAUX;FAUX;FAUX;FAUX;FAUX;FAUX;FAUX;FAUX;FAUX;FAUX;FAUX;FAUX;FAUX;FAUX;FAUX;FAUX;FAUX;FAUX;FAUX;FAUX;VRAI;VRAI;VRAI;FAUX;FAUX
77;FAUX;FAUX;FAUX;FAUX;FAUX;FAUX;FAUX;FAUX;FAUX;VRAI;FAUX;VRAI;VRAI;VRAI;VRAI;VRAI;VRAI;VRAI;VRAI;VRAI;VRAI;VRAI;VRAI;VRAI;VRAI;FAUX;FAUX
78;FAUX;FAUX;FAUX;FAUX;FAUX;FAUX;FAUX;FAUX;FAUX;VRAI;FAUX;VRAI;VRAI;VRAI;VRAI;VRAI;VRAI;VRAI;VRAI;VRAI;VRAI;VRAI;VRAI;VRAI;VRAI;FAUX;FAUX
79;FAUX;FAUX;FAUX;FAUX;FAUX;FAUX;FAUX;FAUX;FAUX;VRAI;FAUX;VRAI;VRAI;VRAI;VRAI;VRAI;VRAI;VRAI;VRAI;VRAI;VRAI;VRAI;VRAI;VRAI;VRAI;FAUX;FAUX
80;FAUX;FAUX;FAUX;FAUX;FAUX;FAUX;FAUX;FAUX;FAUX;VRAI;FAUX;VRAI;VRAI;VRAI;VRAI;VRAI;VRAI;VRAI;VRAI;VRAI;VRAI;VRAI;VRAI;VRAI;VRAI;FAUX;FAUX
81;FAUX;FAUX;FAUX;FAUX;FAUX;FAUX;FAUX;FAUX;FAUX;FAUX;FAUX;FAUX;FAUX;FAUX;FAUX;FAUX;FAUX;FAUX;FAUX;FAUX;FAUX;FAUX;VRAI;VRAI;VRAI;FAUX;FAUX
82;FAUX;FAUX;FAUX;FAUX;FAUX;FAUX;FAUX;FAUX;FAUX;FAUX;FAUX;FAUX;FAUX;FAUX;FAUX;FAUX;FAUX;FAUX;FAUX;FAUX;FAUX;FAUX;VRAI;VRAI;VRAI;FAUX;FAUX
83;FAUX;FAUX;FAUX;FAUX;FAUX;FAUX;FAUX;FAUX;FAUX;VRAI;FAUX;VRAI;VRAI;VRAI;VRAI;VRAI;VRAI;VRAI;VRAI;VRAI;VRAI;VRAI;VRAI;VRAI;VRAI;FAUX;FAUX
84;FAUX;FAUX;FAUX;FAUX;FAUX;FAUX;FAUX;FAUX;FAUX;VRAI;FAUX;VRAI;VRAI;VRAI;VRAI;VRAI;VRAI;VRAI;VRAI;VRAI;VRAI;VRAI;VRAI;VRAI;VRAI;FAUX;FAUX
85;FAUX;FAUX;FAUX;FAUX;FAUX;FAUX;FAUX;FAUX;FAUX;VRAI;FAUX;VRAI;VRAI;VRAI;VRAI;VRAI;VRAI;VRAI;VRAI;VRAI;VRAI;VRAI;VRAI;VRAI;VRAI;FAUX;FAUX
86;FAUX;FAUX;FAUX;FAUX;FAUX;FAUX;FAUX;FAUX;FAUX;VRAI;FAUX;VRAI;VRAI;VRAI;VRAI;VRAI;VRAI;VRAI;VRAI;VRAI;VRAI;VRAI;VRAI;VRAI;VRAI;FAUX;FAUX
87;FAUX;FAUX;FAUX;FAUX;FAUX;FAUX;FAUX;FAUX;FAUX;VRAI;FAUX;VRAI;VRAI;VRAI;VRAI;VRAI;VRAI;VRAI;VRAI;VRAI;VRAI;VRAI;VRAI;VRAI;VRAI;FAUX;FAUX
88;FAUX;FAUX;FAUX;FAUX;FAUX;FAUX;FAUX;FAUX;FAUX;VRAI;FAUX;VRAI;VRAI;VRAI;VRAI;VRAI;VRAI;VRAI;VRAI;VRAI;VRAI;VRAI;VRAI;VRAI;VRAI;FAUX;FAUX
89;FAUX;FAUX;FAUX;FAUX;FAUX;FAUX;FAUX;FAUX;FAUX;VRAI;FAUX;VRAI;VRAI;VRAI;VRAI;VRAI;VRAI;VRAI;VRAI;VRAI;VRAI;VRAI;VRAI;VRAI;VRAI;FAUX;FAUX
90;FAUX;FAUX;FAUX;FAUX;FAUX;FAUX;FAUX;FAUX;FAUX;VRAI;FAUX;VRAI;VRAI;VRAI;VRAI;VRAI;VRAI;VRAI;VRAI;VRAI;VRAI;VRAI;VRAI;VRAI;VRAI;FAUX;FAUX
91;FAUX;FAUX;FAUX;FAUX;FAUX;FAUX;FAUX;FAUX;FAUX;VRAI;FAUX;VRAI;VRAI;VRAI;VRAI;VRAI;VRAI;VRAI;VRAI;VRAI;VRAI;VRAI;VRAI;VRAI;VRAI;FAUX;FAUX
92;FAUX;FAUX;FAUX;FAUX;FAUX;FAUX;FAUX;FAUX;FAUX;VRAI;FAUX;VRAI;VRAI;VRAI;VRAI;VRAI;VRAI;VRAI;VRAI;VRAI;VRAI;VRAI;VRAI;VRAI;VRAI;FAUX;FAUX
93;FAUX;FAUX;FAUX;FAUX;FAUX;FAUX;FAUX;FAUX;FAUX;VRAI;FAUX;VRAI;VRAI;VRAI;VRAI;VRAI;VRAI;VRAI;VRAI;VRAI;VRAI;VRAI;VRAI;VRAI;VRAI;FAUX;FAUX
94;FAUX;FAUX;FAUX;FAUX;FAUX;FAUX;FAUX;FAUX;FAUX;VRAI;FAUX;VRAI;VRAI;VRAI;VRAI;VRAI;VRAI;VRAI;VRAI;VRAI;VRAI;VRAI;VRAI;VRAI;VRAI;FAUX;FAUX
95;FAUX;FAUX;FAUX;FAUX;FAUX;FAUX;FAUX;FAUX;FAUX;VRAI;FAUX;VRAI;VRAI;VRAI;VRAI;VRAI;VRAI;VRAI;VRAI;VRAI;VRAI;VRAI;VRAI;VRAI;VRAI;FAUX;FAUX
96;FAUX;FAUX;FAUX;FAUX;FAUX;FAUX;FAUX;FAUX;FAUX;VRAI;FAUX;VRAI;VRAI;VRAI;VRAI;VRAI;VRAI;VRAI;VRAI;VRAI;VRAI;VRAI;VRAI;VRAI;VRAI;FAUX;FAUX
97;FAUX;FAUX;FAUX;FAUX;FAUX;FAUX;FAUX;FAUX;FAUX;VRAI;FAUX;VRAI;VRAI;VRAI;VRAI;VRAI;VRAI;VRAI;VRAI;VRAI;VRAI;VRAI;VRAI;VRAI;VRAI;FAUX;FAUX
98;FAUX;FAUX;FAUX;FAUX;FAUX;FAUX;FAUX;FAUX;FAUX;VRAI;FAUX;VRAI;VRAI;VRAI;VRAI;VRAI;VRAI;VRAI;VRAI;VRAI;VRAI;VRAI;VRAI;VRAI;VRAI;FAUX;FAUX
99;FAUX;FAUX;FAUX;FAUX;FAUX;FAUX;FAUX;FAUX;FAUX;VRAI;FAUX;VRAI;VRAI;VRAI;VRAI;VRAI;VRAI;VRAI;VRAI;VRAI;VRAI;VRAI;VRAI;VRAI;VRAI;FAUX;FAUX
100;FAUX;FAUX;FAUX;FAUX;FAUX;FAUX;FAUX;FAUX;FAUX;VRAI;FAUX;VRAI;VRAI;VRAI;VRAI;VRAI;VRAI;VRAI;VRAI;VRAI;VRAI;VRAI;VRAI;VRAI;VRAI;FAUX;FAUX
101;FAUX;FAUX;FAUX;FAUX;FAUX;FAUX;FAUX;FAUX;FAUX;VRAI;FAUX;VRAI;VRAI;VRAI;VRAI;VRAI;VRAI;VRAI;VRAI;VRAI;VRAI;VRAI;VRAI;VRAI;VRAI;FAUX;FAUX
102;FAUX;FAUX;FAUX;FAUX;FAUX;FAUX;FAUX;FAUX;FAUX;VRAI;FAUX;VRAI;VRAI;VRAI;VRAI;VRAI;VRAI;VRAI;VRAI;VRAI;VRAI;VRAI;VRAI;VRAI;VRAI;FAUX;FAUX
103;FAUX;FAUX;FAUX;FAUX;FAUX;FAUX;FAUX;FAUX;FAUX;VRAI;FAUX;VRAI;VRAI;VRAI;VRAI;FAUX;VRAI;VRAI;VRAI;VRAI;VRAI;VRAI;VRAI;VRAI;VRAI;FAUX;FAUX
104;FAUX;FAUX;FAUX;FAUX;FAUX;FAUX;FAUX;FAUX;FAUX;VRAI;FAUX;VRAI;VRAI;VRAI;VRAI;VRAI;VRAI;VRAI;VRAI;VRAI;VRAI;VRAI;VRAI;VRAI;VRAI;FAUX;FAUX
105;FAUX;FAUX;FAUX;FAUX;FAUX;FAUX;FAUX;FAUX;FAUX;VRAI;FAUX;VRAI;VRAI;VRAI;VRAI;VRAI;VRAI;VRAI;VRAI;VRAI;VRAI;VRAI;VRAI;VRAI;VRAI;FAUX;FAUX
106;FAUX;FAUX;FAUX;FAUX;FAUX;FAUX;FAUX;FAUX;FAUX;VRAI;FAUX;VRAI;VRAI;VRAI;VRAI;VRAI;VRAI;VRAI;VRAI;VRAI;VRAI;VRAI;VRAI;VRAI;VRAI;FAUX;FAUX
107;FAUX;FAUX;FAUX;FAUX;FAUX;FAUX;FAUX;FAUX;FAUX;VRAI;FAUX;VRAI;VRAI;VRAI;VRAI;VRAI;VRAI;VRAI;VRAI;VRAI;VRAI;VRAI;VRAI;VRAI;VRAI;FAUX;FAUX
108;FAUX;FAUX;FAUX;FAUX;FAUX;FAUX;FAUX;FAUX;FAUX;VRAI;FAUX;VRAI;VRAI;VRAI;VRAI;VRAI;VRAI;VRAI;VRAI;VRAI;VRAI;VRAI;VRAI;VRAI;VRAI;FAUX;FAUX
109;FAUX;FAUX;FAUX;FAUX;FAUX;FAUX;FAUX;FAUX;FAUX;FAUX;VRAI;FAUX;FAUX;FAUX;FAUX;FAUX;FAUX;FAUX;FAUX;FAUX;FAUX;FAUX;FAUX;FAUX;FAUX;FAUX;FAUX
110;FAUX;FAUX;FAUX;FAUX;FAUX;FAUX;FAUX;FAUX;FAUX;FAUX;VRAI;FAUX;FAUX;FAUX;FAUX;FAUX;FAUX;FAUX;FAUX;FAUX;FAUX;FAUX;FAUX;FAUX;FAUX;FAUX;FAUX
111;FAUX;FAUX;FAUX;FAUX;FAUX;FAUX;FAUX;FAUX;FAUX;VRAI;FAUX;VRAI;VRAI;VRAI;VRAI;VRAI;VRAI;VRAI;VRAI;VRAI;VRAI;VRAI;VRAI;VRAI;VRAI;FAUX;FAUX
112;FAUX;FAUX;FAUX;FAUX;FAUX;FAUX;FAUX;FAUX;FAUX;VRAI;FAUX;VRAI;VRAI;VRAI;VRAI;VRAI;VRAI;VRAI;VRAI;VRAI;VRAI;VRAI;VRAI;VRAI;VRAI;FAUX;FAUX
113;FAUX;FAUX;FAUX;FAUX;FAUX;FAUX;FAUX;FAUX;FAUX;VRAI;FAUX;VRAI;VRAI;VRAI;VRAI;VRAI;VRAI;VRAI;VRAI;VRAI;VRAI;VRAI;VRAI;VRAI;VRAI;FAUX;FAUX
114;FAUX;FAUX;FAUX;FAUX;FAUX;FAUX;FAUX;FAUX;FAUX;VRAI;FAUX;VRAI;VRAI;VRAI;VRAI;VRAI;VRAI;VRAI;VRAI;VRAI;VRAI;VRAI;VRAI;VRAI;VRAI;FAUX;FAUX
115;FAUX;FAUX;FAUX;FAUX;FAUX;FAUX;FAUX;FAUX;FAUX;VRAI;FAUX;VRAI;VRAI;VRAI;VRAI;VRAI;VRAI;VRAI;VRAI;VRAI;VRAI;VRAI;VRAI;VRAI;VRAI;FAUX;FAUX
116;FAUX;FAUX;FAUX;FAUX;FAUX;FAUX;FAUX;FAUX;FAUX;VRAI;FAUX;VRAI;VRAI;VRAI;VRAI;VRAI;VRAI;VRAI;VRAI;VRAI;VRAI;VRAI;VRAI;VRAI;VRAI;FAUX;FAUX
117;FAUX;FAUX;FAUX;FAUX;FAUX;FAUX;FAUX;FAUX;FAUX;VRAI;FAUX;VRAI;VRAI;VRAI;VRAI;VRAI;VRAI;VRAI;VRAI;VRAI;VRAI;VRAI;VRAI;VRAI;VRAI;FAUX;FAUX
118;FAUX;FAUX;FAUX;FAUX;FAUX;FAUX;FAUX;FAUX;FAUX;VRAI;FAUX;VRAI;VRAI;VRAI;VRAI;VRAI;VRAI;VRAI;VRAI;VRAI;VRAI;VRAI;VRAI;VRAI;VRAI;FAUX;FAUX
119;FAUX;FAUX;FAUX;FAUX;FAUX;FAUX;FAUX;FAUX;FAUX;VRAI;FAUX;VRAI;VRAI;VRAI;VRAI;VRAI;VRAI;VRAI;VRAI;VRAI;VRAI;VRAI;VRAI;VRAI;VRAI;FAUX;FAUX
120;FAUX;FAUX;FAUX;FAUX;FAUX;FAUX;FAUX;FAUX;FAUX;FAUX;FAUX;FAUX;VRAI;FAUX;FAUX;FAUX;FAUX;FAUX;FAUX;FAUX;FAUX;FAUX;FAUX;FAUX;FAUX;FAUX;FAUX
121;FAUX;FAUX;FAUX;FAUX;FAUX;FAUX;FAUX;FAUX;FAUX;FAUX;FAUX;FAUX;VRAI;FAUX;FAUX;FAUX;FAUX;FAUX;FAUX;FAUX;FAUX;FAUX;FAUX;FAUX;FAUX;FAUX;FAUX
122;FAUX;FAUX;FAUX;FAUX;FAUX;FAUX;FAUX;FAUX;FAUX;VRAI;FAUX;VRAI;VRAI;VRAI;VRAI;VRAI;VRAI;VRAI;VRAI;VRAI;VRAI;VRAI;VRAI;VRAI;VRAI;FAUX;FAUX
123;FAUX;FAUX;FAUX;FAUX;FAUX;FAUX;FAUX;FAUX;FAUX;VRAI;FAUX;VRAI;VRAI;VRAI;VRAI;VRAI;VRAI;VRAI;VRAI;VRAI;VRAI;VRAI;VRAI;VRAI;VRAI;FAUX;FAUX
124;FAUX;FAUX;FAUX;FAUX;FAUX;FAUX;FAUX;FAUX;FAUX;VRAI;FAUX;VRAI;VRAI;VRAI;VRAI;VRAI;VRAI;VRAI;VRAI;VRAI;VRAI;VRAI;VRAI;VRAI;VRAI;FAUX;FAUX
125;FAUX;FAUX;FAUX;FAUX;FAUX;FAUX;FAUX;FAUX;FAUX;VRAI;FAUX;VRAI;VRAI;VRAI;VRAI;VRAI;VRAI;VRAI;VRAI;VRAI;VRAI;VRAI;VRAI;VRAI;VRAI;FAUX;FAUX
126;FAUX;FAUX;FAUX;FAUX;FAUX;FAUX;FAUX;FAUX;FAUX;VRAI;FAUX;VRAI;VRAI;VRAI;VRAI;VRAI;VRAI;VRAI;VRAI;VRAI;VRAI;VRAI;VRAI;VRAI;VRAI;FAUX;FAUX
127;FAUX;FAUX;FAUX;FAUX;FAUX;FAUX;FAUX;FAUX;FAUX;VRAI;FAUX;VRAI;VRAI;VRAI;VRAI;VRAI;VRAI;VRAI;VRAI;VRAI;VRAI;VRAI;VRAI;VRAI;VRAI;FAUX;FAUX
128;FAUX;FAUX;FAUX;FAUX;FAUX;FAUX;FAUX;FAUX;FAUX;VRAI;FAUX;VRAI;FAUX;FAUX;FAUX;FAUX;FAUX;FAUX;FAUX;FAUX;FAUX;FAUX;FAUX;FAUX;FAUX;FAUX;FAUX
129;FAUX;FAUX;FAUX;FAUX;FAUX;FAUX;FAUX;FAUX;FAUX;FAUX;VRAI;FAUX;FAUX;FAUX;FAUX;FAUX;FAUX;FAUX;FAUX;FAUX;FAUX;FAUX;FAUX;FAUX;FAUX;FAUX;FAUX
130;FAUX;FAUX;FAUX;FAUX;FAUX;FAUX;FAUX;FAUX;FAUX;VRAI;FAUX;VRAI;VRAI;VRAI;VRAI;VRAI;VRAI;VRAI;VRAI;VRAI;VRAI;VRAI;VRAI;VRAI;VRAI;FAUX;FAUX
131;FAUX;FAUX;FAUX;FAUX;FAUX;FAUX;FAUX;FAUX;FAUX;VRAI;FAUX;VRAI;VRAI;VRAI;VRAI;VRAI;VRAI;VRAI;VRAI;VRAI;VRAI;VRAI;VRAI;VRAI;VRAI;FAUX;FAUX
132;FAUX;FAUX;FAUX;FAUX;FAUX;FAUX;FAUX;FAUX;FAUX;VRAI;FAUX;VRAI;FAUX;FAUX;FAUX;FAUX;FAUX;FAUX;FAUX;FAUX;FAUX;FAUX;FAUX;FAUX;FAUX;FAUX;FAUX
133;FAUX;FAUX;FAUX;FAUX;FAUX;FAUX;FAUX;FAUX;FAUX;VRAI;FAUX;VRAI;FAUX;FAUX;FAUX;FAUX;FAUX;FAUX;FAUX;FAUX;FAUX;FAUX;FAUX;FAUX;FAUX;FAUX;FAUX
134;FAUX;FAUX;FAUX;FAUX;FAUX;FAUX;FAUX;FAUX;FAUX;VRAI;FAUX;VRAI;VRAI;VRAI;VRAI;VRAI;VRAI;VRAI;VRAI;VRAI;VRAI;VRAI;VRAI;VRAI;VRAI;FAUX;FAUX
135;FAUX;FAUX;FAUX;FAUX;FAUX;FAUX;FAUX;FAUX;FAUX;VRAI;FAUX;VRAI;VRAI;VRAI;VRAI;VRAI;VRAI;VRAI;VRAI;VRAI;VRAI;VRAI;VRAI;VRAI;VRAI;FAUX;FAUX
136;FAUX;FAUX;FAUX;FAUX;FAUX;FAUX;FAUX;FAUX;FAUX;VRAI;FAUX;VRAI;VRAI;VRAI;VRAI;VRAI;VRAI;VRAI;VRAI;VRAI;VRAI;VRAI;VRAI;VRAI;VRAI;FAUX;FAUX
137;FAUX;FAUX;FAUX;FAUX;FAUX;FAUX;FAUX;FAUX;FAUX;VRAI;FAUX;VRAI;VRAI;VRAI;VRAI;VRAI;VRAI;VRAI;VRAI;VRAI;VRAI;VRAI;VRAI;VRAI;VRAI;FAUX;FAUX
138;FAUX;FAUX;FAUX;FAUX;FAUX;FAUX;FAUX;FAUX;FAUX;VRAI;FAUX;VRAI;VRAI;FAUX;FAUX;FAUX;FAUX;FAUX;FAUX;VRAI;VRAI;VRAI;VRAI;VRAI;VRAI;FAUX;FAUX
139;FAUX;FAUX;FAUX;FAUX;FAUX;FAUX;FAUX;FAUX;FAUX;VRAI;FAUX;VRAI;VRAI;FAUX;FAUX;FAUX;FAUX;FAUX;FAUX;VRAI;VRAI;VRAI;VRAI;VRAI;VRAI;FAUX;FAUX
140;FAUX;FAUX;FAUX;FAUX;FAUX;FAUX;FAUX;FAUX;FAUX;VRAI;FAUX;VRAI;VRAI;FAUX;FAUX;FAUX;FAUX;FAUX;FAUX;VRAI;VRAI;VRAI;VRAI;VRAI;VRAI;FAUX;FAUX
141;FAUX;FAUX;FAUX;FAUX;FAUX;FAUX;FAUX;FAUX;FAUX;VRAI;FAUX;VRAI;VRAI;FAUX;FAUX;FAUX;FAUX;FAUX;FAUX;VRAI;VRAI;VRAI;VRAI;VRAI;VRAI;FAUX;FAUX
142;FAUX;FAUX;FAUX;FAUX;FAUX;FAUX;FAUX;FAUX;FAUX;VRAI;FAUX;VRAI;VRAI;FAUX;FAUX;FAUX;FAUX;FAUX;FAUX;VRAI;VRAI;VRAI;VRAI;VRAI;VRAI;FAUX;FAUX
143;FAUX;FAUX;FAUX;FAUX;FAUX;FAUX;FAUX;FAUX;FAUX;VRAI;FAUX;VRAI;VRAI;FAUX;FAUX;FAUX;FAUX;FAUX;FAUX;VRAI;VRAI;VRAI;VRAI;VRAI;VRAI;FAUX;FAUX
144;FAUX;FAUX;FAUX;FAUX;FAUX;FAUX;FAUX;FAUX;FAUX;VRAI;FAUX;VRAI;VRAI;FAUX;FAUX;FAUX;FAUX;FAUX;FAUX;VRAI;VRAI;VRAI;VRAI;VRAI;VRAI;FAUX;FAUX
145;FAUX;FAUX;FAUX;FAUX;FAUX;FAUX;FAUX;FAUX;FAUX;VRAI;FAUX;VRAI;VRAI;FAUX;FAUX;FAUX;FAUX;FAUX;FAUX;VRAI;VRAI;VRAI;VRAI;VRAI;VRAI;FAUX;FAUX
146;FAUX;FAUX;FAUX;FAUX;FAUX;FAUX;FAUX;FAUX;FAUX;VRAI;FAUX;VRAI;VRAI;VRAI;VRAI;VRAI;VRAI;VRAI;VRAI;VRAI;VRAI;VRAI;VRAI;VRAI;VRAI;FAUX;FAUX
147;FAUX;FAUX;FAUX;FAUX;FAUX;FAUX;FAUX;FAUX;FAUX;VRAI;FAUX;VRAI;VRAI;FAUX;FAUX;FAUX;FAUX;FAUX;FAUX;VRAI;VRAI;VRAI;VRAI;VRAI;VRAI;FAUX;FAUX
148;FAUX;FAUX;FAUX;FAUX;FAUX;FAUX;FAUX;FAUX;FAUX;VRAI;FAUX;VRAI;VRAI;FAUX;FAUX;FAUX;FAUX;FAUX;FAUX;VRAI;VRAI;VRAI;VRAI;VRAI;VRAI;FAUX;FAUX
149;FAUX;FAUX;FAUX;FAUX;FAUX;FAUX;FAUX;FAUX;FAUX;VRAI;FAUX;VRAI;VRAI;FAUX;FAUX;FAUX;FAUX;FAUX;FAUX;VRAI;VRAI;VRAI;VRAI;VRAI;VRAI;FAUX;FAUX
150;FAUX;FAUX;FAUX;FAUX;FAUX;FAUX;FAUX;FAUX;FAUX;VRAI;FAUX;VRAI;VRAI;FAUX;FAUX;FAUX;FAUX;FAUX;FAUX;VRAI;VRAI;VRAI;VRAI;VRAI;VRAI;FAUX;FAUX
151;FAUX;FAUX;FAUX;FAUX;FAUX;FAUX;FAUX;FAUX;FAUX;VRAI;FAUX;VRAI;VRAI;FAUX;FAUX;FAUX;FAUX;FAUX;FAUX;VRAI;VRAI;VRAI;VRAI;VRAI;VRAI;FAUX;FAUX
152;FAUX;FAUX;FAUX;FAUX;FAUX;FAUX;FAUX;FAUX;FAUX;VRAI;FAUX;VRAI;VRAI;FAUX;FAUX;FAUX;FAUX;FAUX;FAUX;VRAI;VRAI;VRAI;VRAI;VRAI;VRAI;FAUX;FAUX
153;FAUX;FAUX;FAUX;FAUX;FAUX;FAUX;FAUX;FAUX;FAUX;FAUX;FAUX;FAUX;FAUX;FAUX;FAUX;FAUX;FAUX;FAUX;FAUX;FAUX;FAUX;FAUX;VRAI;VRAI;VRAI;FAUX;FAUX
154;FAUX;FAUX;FAUX;FAUX;FAUX;FAUX;FAUX;FAUX;FAUX;FAUX;FAUX;FAUX;FAUX;FAUX;FAUX;FAUX;FAUX;FAUX;FAUX;FAUX;FAUX;FAUX;VRAI;VRAI;VRAI;FAUX;FAUX
155;FAUX;FAUX;FAUX;FAUX;FAUX;FAUX;FAUX;FAUX;FAUX;FAUX;FAUX;FAUX;FAUX;FAUX;FAUX;FAUX;FAUX;FAUX;FAUX;FAUX;FAUX;FAUX;VRAI;VRAI;VRAI;FAUX;FAUX
156;FAUX;FAUX;FAUX;FAUX;FAUX;FAUX;FAUX;FAUX;FAUX;FAUX;FAUX;FAUX;FAUX;FAUX;FAUX;FAUX;FAUX;FAUX;FAUX;FAUX;FAUX;FAUX;VRAI;VRAI;VRAI;FAUX;FAUX
157;FAUX;FAUX;FAUX;FAUX;FAUX;FAUX;FAUX;FAUX;FAUX;FAUX;FAUX;FAUX;FAUX;FAUX;FAUX;FAUX;FAUX;FAUX;FAUX;FAUX;FAUX;FAUX;VRAI;VRAI;VRAI;FAUX;FAUX
158;FAUX;FAUX;FAUX;FAUX;FAUX;FAUX;FAUX;FAUX;FAUX;VRAI;FAUX;VRAI;VRAI;VRAI;VRAI;VRAI;VRAI;VRAI;VRAI;VRAI;VRAI;VRAI;VRAI;VRAI;VRAI;FAUX;FAUX
159;FAUX;FAUX;FAUX;FAUX;FAUX;FAUX;FAUX;FAUX;FAUX;VRAI;FAUX;VRAI;VRAI;VRAI;VRAI;VRAI;VRAI;VRAI;VRAI;VRAI;VRAI;VRAI;VRAI;VRAI;VRAI;FAUX;FAUX
160;FAUX;FAUX;FAUX;FAUX;FAUX;FAUX;FAUX;FAUX;FAUX;VRAI;FAUX;VRAI;VRAI;VRAI;VRAI;VRAI;VRAI;VRAI;VRAI;VRAI;VRAI;VRAI;VRAI;VRAI;VRAI;FAUX;FAUX
161;FAUX;FAUX;FAUX;FAUX;FAUX;FAUX;FAUX;FAUX;FAUX;VRAI;FAUX;VRAI;VRAI;VRAI;VRAI;VRAI;VRAI;VRAI;VRAI;VRAI;VRAI;VRAI;VRAI;VRAI;VRAI;FAUX;FAUX
162;FAUX;FAUX;FAUX;FAUX;FAUX;FAUX;FAUX;FAUX;FAUX;VRAI;FAUX;VRAI;VRAI;VRAI;VRAI;VRAI;VRAI;VRAI;VRAI;VRAI;VRAI;VRAI;VRAI;VRAI;VRAI;FAUX;FAUX
163;FAUX;FAUX;FAUX;FAUX;FAUX;FAUX;FAUX;FAUX;FAUX;VRAI;FAUX;VRAI;VRAI;VRAI;VRAI;VRAI;VRAI;VRAI;VRAI;VRAI;VRAI;VRAI;VRAI;VRAI;VRAI;FAUX;FAUX
164;FAUX;FAUX;FAUX;FAUX;FAUX;FAUX;FAUX;FAUX;FAUX;VRAI;FAUX;VRAI;VRAI;VRAI;VRAI;VRAI;VRAI;VRAI;VRAI;VRAI;VRAI;VRAI;VRAI;VRAI;VRAI;FAUX;FAUX
165;FAUX;FAUX;FAUX;FAUX;FAUX;FAUX;FAUX;FAUX;FAUX;VRAI;FAUX;VRAI;VRAI;VRAI;VRAI;VRAI;VRAI;VRAI;VRAI;VRAI;VRAI;VRAI;VRAI;VRAI;VRAI;FAUX;FAUX
166;FAUX;FAUX;FAUX;FAUX;FAUX;FAUX;FAUX;FAUX;FAUX;VRAI;FAUX;VRAI;VRAI;VRAI;VRAI;VRAI;VRAI;VRAI;VRAI;VRAI;VRAI;VRAI;VRAI;VRAI;VRAI;FAUX;FAUX
167;FAUX;FAUX;FAUX;FAUX;FAUX;FAUX;FAUX;FAUX;FAUX;VRAI;FAUX;VRAI;VRAI;VRAI;VRAI;VRAI;VRAI;VRAI;VRAI;VRAI;VRAI;VRAI;VRAI;VRAI;VRAI;FAUX;FAUX
168;FAUX;FAUX;FAUX;FAUX;FAUX;FAUX;FAUX;FAUX;FAUX;VRAI;FAUX;VRAI;VRAI;VRAI;VRAI;VRAI;VRAI;VRAI;VRAI;VRAI;VRAI;VRAI;VRAI;VRAI;VRAI;FAUX;FAUX
169;FAUX;FAUX;FAUX;FAUX;FAUX;FAUX;FAUX;FAUX;FAUX;VRAI;FAUX;VRAI;VRAI;VRAI;VRAI;VRAI;VRAI;VRAI;VRAI;VRAI;VRAI;VRAI;VRAI;VRAI;VRAI;FAUX;FAUX
170;FAUX;FAUX;FAUX;FAUX;FAUX;FAUX;FAUX;FAUX;FAUX;VRAI;FAUX;VRAI;VRAI;VRAI;VRAI;VRAI;VRAI;VRAI;VRAI;VRAI;VRAI;VRAI;VRAI;VRAI;VRAI;FAUX;FAUX
171;FAUX;FAUX;FAUX;FAUX;FAUX;FAUX;FAUX;FAUX;FAUX;VRAI;FAUX;VRAI;VRAI;VRAI;VRAI;VRAI;VRAI;VRAI;VRAI;VRAI;VRAI;VRAI;VRAI;VRAI;VRAI;FAUX;FAUX
172;FAUX;FAUX;FAUX;FAUX;FAUX;FAUX;FAUX;FAUX;FAUX;VRAI;FAUX;VRAI;VRAI;VRAI;VRAI;VRAI;VRAI;VRAI;VRAI;VRAI;VRAI;VRAI;VRAI;VRAI;VRAI;FAUX;FAUX
173;FAUX;FAUX;FAUX;FAUX;FAUX;FAUX;FAUX;FAUX;FAUX;VRAI;FAUX;VRAI;VRAI;VRAI;VRAI;VRAI;VRAI;VRAI;VRAI;VRAI;VRAI;VRAI;VRAI;VRAI;VRAI;FAUX;FAUX
174;FAUX;FAUX;FAUX;FAUX;FAUX;FAUX;FAUX;FAUX;FAUX;VRAI;FAUX;VRAI;VRAI;VRAI;VRAI;VRAI;VRAI;VRAI;VRAI;VRAI;VRAI;VRAI;VRAI;VRAI;VRAI;FAUX;FAUX
175;FAUX;FAUX;FAUX;FAUX;FAUX;FAUX;FAUX;FAUX;FAUX;VRAI;FAUX;VRAI;VRAI;VRAI;VRAI;VRAI;VRAI;VRAI;VRAI;VRAI;VRAI;VRAI;VRAI;VRAI;VRAI;FAUX;FAUX
176;FAUX;VRAI;FAUX;FAUX;FAUX;FAUX;FAUX;FAUX;FAUX;FAUX;FAUX;FAUX;FAUX;FAUX;FAUX;FAUX;FAUX;FAUX;FAUX;FAUX;FAUX;FAUX;FAUX;FAUX;FAUX;FAUX;FAUX
177;FAUX;VRAI;FAUX;FAUX;FAUX;FAUX;FAUX;FAUX;FAUX;FAUX;FAUX;FAUX;FAUX;FAUX;FAUX;FAUX;FAUX;FAUX;FAUX;FAUX;FAUX;FAUX;FAUX;FAUX;FAUX;FAUX;FAUX
178;FAUX;VRAI;FAUX;FAUX;FAUX;FAUX;FAUX;FAUX;FAUX;FAUX;FAUX;FAUX;FAUX;FAUX;FAUX;FAUX;FAUX;FAUX;FAUX;FAUX;FAUX;FAUX;FAUX;FAUX;FAUX;FAUX;FAUX
179;VRAI;VRAI;VRAI;VRAI;VRAI;VRAI;VRAI;VRAI;VRAI;FAUX;FAUX;FAUX;FAUX;FAUX;FAUX;FAUX;FAUX;FAUX;FAUX;FAUX;FAUX;FAUX;FAUX;FAUX;FAUX;FAUX;FAUX
180;VRAI;VRAI;VRAI;VRAI;VRAI;VRAI;VRAI;VRAI;VRAI;FAUX;FAUX;FAUX;FAUX;FAUX;FAUX;FAUX;FAUX;FAUX;FAUX;FAUX;FAUX;FAUX;FAUX;FAUX;FAUX;FAUX;FAUX
181;VRAI;VRAI;VRAI;VRAI;VRAI;VRAI;VRAI;VRAI;VRAI;FAUX;FAUX;FAUX;FAUX;FAUX;FAUX;FAUX;FAUX;FAUX;FAUX;FAUX;FAUX;FAUX;FAUX;FAUX;FAUX;FAUX;FAUX
182;VRAI;VRAI;VRAI;VRAI;VRAI;VRAI;VRAI;VRAI;VRAI;FAUX;FAUX;FAUX;FAUX;FAUX;FAUX;FAUX;FAUX;FAUX;FAUX;FAUX;FAUX;FAUX;FAUX;FAUX;FAUX;FAUX;FAUX
183;VRAI;VRAI;VRAI;VRAI;VRAI;VRAI;VRAI;VRAI;VRAI;FAUX;FAUX;FAUX;FAUX;FAUX;FAUX;FAUX;FAUX;FAUX;FAUX;FAUX;FAUX;FAUX;FAUX;FAUX;FAUX;FAUX;FAUX
184;FAUX;FAUX;FAUX;FAUX;FAUX;FAUX;FAUX;FAUX;FAUX;VRAI;FAUX;VRAI;VRAI;VRAI;VRAI;VRAI;VRAI;VRAI;VRAI;VRAI;VRAI;VRAI;VRAI;VRAI;VRAI;FAUX;FAUX
185;FAUX;FAUX;FAUX;FAUX;FAUX;FAUX;FAUX;FAUX;FAUX;FAUX;FAUX;FAUX;FAUX;VRAI;VRAI;VRAI;VRAI;VRAI;VRAI;FAUX;FAUX;FAUX;FAUX;FAUX;FAUX;FAUX;FAUX
186;FAUX;FAUX;FAUX;FAUX;FAUX;FAUX;FAUX;FAUX;FAUX;VRAI;FAUX;VRAI;VRAI;VRAI;VRAI;VRAI;VRAI;VRAI;VRAI;VRAI;VRAI;VRAI;VRAI;VRAI;VRAI;FAUX;FAUX
187;FAUX;FAUX;FAUX;FAUX;FAUX;FAUX;FAUX;FAUX;FAUX;VRAI;FAUX;VRAI;VRAI;VRAI;VRAI;VRAI;VRAI;VRAI;VRAI;VRAI;VRAI;VRAI;VRAI;VRAI;VRAI;FAUX;FAUX
188;VRAI;VRAI;VRAI;VRAI;VRAI;VRAI;VRAI;VRAI;VRAI;FAUX;FAUX;FAUX;FAUX;FAUX;FAUX;FAUX;FAUX;FAUX;FAUX;FAUX;FAUX;FAUX;FAUX;FAUX;FAUX;FAUX;FAUX
189;VRAI;VRAI;VRAI;VRAI;VRAI;VRAI;VRAI;VRAI;VRAI;FAUX;FAUX;FAUX;FAUX;FAUX;FAUX;FAUX;FAUX;FAUX;FAUX;FAUX;FAUX;FAUX;FAUX;FAUX;FAUX;FAUX;FAUX
190;VRAI;VRAI;VRAI;VRAI;VRAI;VRAI;VRAI;VRAI;VRAI;FAUX;FAUX;FAUX;FAUX;FAUX;FAUX;FAUX;FAUX;FAUX;FAUX;FAUX;FAUX;FAUX;FAUX;FAUX;FAUX;FAUX;FAUX
191;FAUX;FAUX;FAUX;FAUX;FAUX;FAUX;FAUX;FAUX;FAUX;VRAI;FAUX;VRAI;VRAI;VRAI;VRAI;VRAI;VRAI;VRAI;VRAI;VRAI;VRAI;VRAI;VRAI;VRAI;VRAI;FAUX;FAUX
192;FAUX;FAUX;FAUX;FAUX;FAUX;FAUX;FAUX;FAUX;FAUX;VRAI;FAUX;VRAI;VRAI;VRAI;VRAI;VRAI;VRAI;VRAI;VRAI;VRAI;VRAI;VRAI;VRAI;VRAI;VRAI;FAUX;FAUX
193;FAUX;FAUX;FAUX;FAUX;FAUX;FAUX;FAUX;FAUX;FAUX;VRAI;FAUX;VRAI;VRAI;VRAI;VRAI;VRAI;VRAI;VRAI;VRAI;VRAI;VRAI;VRAI;VRAI;VRAI;VRAI;FAUX;FAUX
194;FAUX;FAUX;FAUX;FAUX;FAUX;FAUX;FAUX;FAUX;FAUX;VRAI;FAUX;VRAI;VRAI;VRAI;VRAI;VRAI;VRAI;VRAI;VRAI;VRAI;VRAI;VRAI;VRAI;VRAI;VRAI;FAUX;FAUX
195;FAUX;FAUX;FAUX;FAUX;FAUX;FAUX;FAUX;FAUX;FAUX;VRAI;FAUX;VRAI;VRAI;VRAI;VRAI;VRAI;VRAI;VRAI;VRAI;VRAI;VRAI;VRAI;VRAI;VRAI;VRAI;FAUX;FAUX
196;FAUX;FAUX;FAUX;FAUX;FAUX;FAUX;FAUX;FAUX;FAUX;VRAI;FAUX;VRAI;VRAI;VRAI;VRAI;VRAI;VRAI;VRAI;VRAI;VRAI;VRAI;VRAI;VRAI;VRAI;VRAI;FAUX;FAUX
197;FAUX;FAUX;FAUX;FAUX;FAUX;FAUX;FAUX;FAUX;FAUX;VRAI;FAUX;VRAI;VRAI;VRAI;VRAI;VRAI;VRAI;VRAI;VRAI;VRAI;VRAI;VRAI;VRAI;VRAI;VRAI;FAUX;FAUX
198;FAUX;FAUX;FAUX;FAUX;FAUX;FAUX;FAUX;FAUX;FAUX;VRAI;FAUX;VRAI;VRAI;VRAI;VRAI;VRAI;VRAI;VRAI;VRAI;VRAI;VRAI;VRAI;VRAI;VRAI;VRAI;FAUX;FAUX
199;FAUX;FAUX;FAUX;FAUX;FAUX;FAUX;FAUX;FAUX;FAUX;VRAI;FAUX;VRAI;VRAI;VRAI;VRAI;VRAI;VRAI;VRAI;VRAI;VRAI;VRAI;VRAI;VRAI;VRAI;VRAI;FAUX;FAUX
200;FAUX;FAUX;FAUX;FAUX;FAUX;FAUX;FAUX;FAUX;FAUX;VRAI;FAUX;VRAI;VRAI;VRAI;VRAI;VRAI;VRAI;VRAI;VRAI;VRAI;VRAI;VRAI;VRAI;VRAI;VRAI;FAUX;FAUX
201;FAUX;FAUX;FAUX;FAUX;FAUX;FAUX;FAUX;FAUX;FAUX;VRAI;FAUX;VRAI;VRAI;VRAI;VRAI;VRAI;VRAI;VRAI;VRAI;VRAI;VRAI;VRAI;VRAI;VRAI;VRAI;FAUX;FAUX
202;FAUX;FAUX;FAUX;FAUX;FAUX;FAUX;FAUX;FAUX;FAUX;VRAI;FAUX;VRAI;VRAI;VRAI;VRAI;VRAI;VRAI;VRAI;VRAI;VRAI;VRAI;VRAI;VRAI;VRAI;VRAI;FAUX;FAUX
203;FAUX;FAUX;FAUX;FAUX;FAUX;FAUX;FAUX;FAUX;FAUX;VRAI;FAUX;VRAI;VRAI;VRAI;VRAI;VRAI;VRAI;VRAI;VRAI;VRAI;VRAI;VRAI;VRAI;VRAI;VRAI;FAUX;FAUX
204;FAUX;FAUX;FAUX;FAUX;FAUX;FAUX;FAUX;FAUX;FAUX;VRAI;FAUX;VRAI;VRAI;VRAI;VRAI;VRAI;VRAI;VRAI;VRAI;VRAI;VRAI;VRAI;VRAI;VRAI;VRAI;FAUX;FAUX
205;FAUX;FAUX;FAUX;FAUX;FAUX;FAUX;FAUX;FAUX;FAUX;VRAI;FAUX;VRAI;VRAI;VRAI;VRAI;VRAI;VRAI;VRAI;VRAI;VRAI;VRAI;VRAI;VRAI;VRAI;VRAI;FAUX;FAUX
206;FAUX;FAUX;FAUX;FAUX;FAUX;FAUX;FAUX;FAUX;FAUX;VRAI;FAUX;VRAI;VRAI;VRAI;VRAI;VRAI;VRAI;VRAI;VRAI;VRAI;VRAI;VRAI;VRAI;VRAI;VRAI;FAUX;FAUX
207;FAUX;FAUX;FAUX;FAUX;FAUX;FAUX;FAUX;FAUX;FAUX;VRAI;FAUX;VRAI;VRAI;VRAI;VRAI;VRAI;VRAI;VRAI;VRAI;VRAI;VRAI;VRAI;VRAI;VRAI;VRAI;FAUX;FAUX
208;FAUX;FAUX;FAUX;FAUX;FAUX;FAUX;FAUX;FAUX;FAUX;VRAI;FAUX;VRAI;VRAI;VRAI;VRAI;VRAI;VRAI;VRAI;VRAI;VRAI;VRAI;VRAI;VRAI;VRAI;VRAI;FAUX;FAUX
209;FAUX;FAUX;FAUX;FAUX;FAUX;FAUX;FAUX;FAUX;FAUX;VRAI;FAUX;VRAI;VRAI;VRAI;VRAI;VRAI;VRAI;VRAI;VRAI;VRAI;VRAI;VRAI;VRAI;VRAI;VRAI;FAUX;FAUX
210;FAUX;FAUX;FAUX;FAUX;FAUX;FAUX;FAUX;FAUX;FAUX;VRAI;FAUX;VRAI;VRAI;VRAI;VRAI;VRAI;VRAI;VRAI;VRAI;VRAI;VRAI;VRAI;VRAI;VRAI;VRAI;FAUX;FAUX
211;FAUX;FAUX;FAUX;FAUX;FAUX;FAUX;FAUX;FAUX;FAUX;VRAI;FAUX;VRAI;VRAI;VRAI;VRAI;VRAI;VRAI;VRAI;VRAI;VRAI;VRAI;VRAI;VRAI;VRAI;VRAI;FAUX;FAUX
212;FAUX;FAUX;FAUX;FAUX;FAUX;FAUX;FAUX;FAUX;FAUX;VRAI;FAUX;VRAI;VRAI;VRAI;VRAI;VRAI;VRAI;VRAI;VRAI;VRAI;VRAI;VRAI;VRAI;VRAI;VRAI;FAUX;FAUX
213;FAUX;FAUX;FAUX;FAUX;FAUX;FAUX;FAUX;FAUX;FAUX;FAUX;FAUX;FAUX;FAUX;FAUX;FAUX;FAUX;FAUX;FAUX;FAUX;FAUX;FAUX;FAUX;FAUX;FAUX;FAUX;VRAI;FAUX
214;FAUX;FAUX;FAUX;FAUX;FAUX;FAUX;FAUX;FAUX;FAUX;FAUX;FAUX;FAUX;FAUX;FAUX;FAUX;FAUX;FAUX;FAUX;FAUX;FAUX;FAUX;FAUX;FAUX;FAUX;FAUX;VRAI;FAUX
215;FAUX;FAUX;FAUX;FAUX;FAUX;FAUX;FAUX;FAUX;FAUX;VRAI;FAUX;VRAI;VRAI;VRAI;VRAI;VRAI;VRAI;VRAI;VRAI;VRAI;VRAI;VRAI;VRAI;VRAI;VRAI;FAUX;FAUX
216;FAUX;FAUX;FAUX;FAUX;FAUX;FAUX;FAUX;FAUX;FAUX;VRAI;FAUX;VRAI;VRAI;VRAI;VRAI;VRAI;VRAI;VRAI;VRAI;VRAI;VRAI;VRAI;VRAI;VRAI;VRAI;FAUX;FAUX
217;FAUX;FAUX;FAUX;FAUX;FAUX;FAUX;FAUX;FAUX;FAUX;VRAI;FAUX;VRAI;VRAI;VRAI;VRAI;VRAI;VRAI;VRAI;VRAI;VRAI;VRAI;VRAI;VRAI;VRAI;VRAI;FAUX;FAUX
218;FAUX;FAUX;FAUX;FAUX;FAUX;FAUX;FAUX;FAUX;FAUX;VRAI;FAUX;VRAI;VRAI;VRAI;VRAI;VRAI;VRAI;VRAI;VRAI;VRAI;VRAI;VRAI;VRAI;VRAI;VRAI;FAUX;FAUX
219;FAUX;FAUX;FAUX;FAUX;FAUX;FAUX;FAUX;FAUX;FAUX;VRAI;FAUX;VRAI;VRAI;VRAI;VRAI;VRAI;VRAI;VRAI;VRAI;VRAI;VRAI;VRAI;VRAI;VRAI;VRAI;FAUX;FAUX
220;FAUX;FAUX;FAUX;FAUX;FAUX;FAUX;FAUX;FAUX;FAUX;VRAI;FAUX;VRAI;VRAI;VRAI;VRAI;VRAI;VRAI;VRAI;VRAI;VRAI;VRAI;VRAI;VRAI;VRAI;VRAI;FAUX;FAUX
221;FAUX;FAUX;FAUX;FAUX;FAUX;FAUX;FAUX;FAUX;FAUX;VRAI;FAUX;VRAI;VRAI;VRAI;VRAI;VRAI;VRAI;VRAI;VRAI;VRAI;VRAI;VRAI;VRAI;VRAI;VRAI;FAUX;FAUX
222;FAUX;FAUX;FAUX;FAUX;FAUX;FAUX;FAUX;FAUX;FAUX;VRAI;FAUX;VRAI;VRAI;VRAI;VRAI;VRAI;VRAI;VRAI;VRAI;VRAI;VRAI;VRAI;VRAI;VRAI;VRAI;FAUX;FAUX
223;FAUX;FAUX;FAUX;FAUX;FAUX;FAUX;FAUX;FAUX;FAUX;VRAI;FAUX;VRAI;VRAI;VRAI;VRAI;VRAI;VRAI;VRAI;VRAI;VRAI;VRAI;VRAI;VRAI;VRAI;VRAI;FAUX;FAUX
224;VRAI;VRAI;VRAI;VRAI;VRAI;VRAI;VRAI;VRAI;VRAI;FAUX;FAUX;FAUX;FAUX;FAUX;FAUX;FAUX;FAUX;FAUX;FAUX;FAUX;FAUX;FAUX;FAUX;FAUX;FAUX;FAUX;FAUX
225;FAUX;FAUX;FAUX;FAUX;FAUX;FAUX;FAUX;FAUX;FAUX;VRAI;FAUX;VRAI;VRAI;VRAI;VRAI;VRAI;VRAI;VRAI;VRAI;VRAI;VRAI;VRAI;VRAI;VRAI;VRAI;FAUX;FAUX
226;FAUX;FAUX;FAUX;FAUX;FAUX;FAUX;FAUX;FAUX;FAUX;FAUX;FAUX;FAUX;FAUX;FAUX;FAUX;FAUX;FAUX;FAUX;FAUX;FAUX;FAUX;FAUX;VRAI;VRAI;VRAI;FAUX;FAUX
227;FAUX;FAUX;FAUX;FAUX;FAUX;FAUX;FAUX;FAUX;FAUX;FAUX;FAUX;FAUX;FAUX;FAUX;FAUX;FAUX;FAUX;FAUX;FAUX;FAUX;FAUX;FAUX;VRAI;VRAI;VRAI;FAUX;FAUX
228;VRAI;VRAI;VRAI;VRAI;VRAI;VRAI;VRAI;VRAI;VRAI;FAUX;FAUX;FAUX;FAUX;FAUX;FAUX;FAUX;FAUX;FAUX;FAUX;FAUX;FAUX;FAUX;FAUX;FAUX;FAUX;FAUX;FAUX